{
"Timestamps":
    {
        "0":
            {"Sensor1":25,"Sensor3":16,"Sensor2":14},
        "1.67119598389":
            {"Sensor1":37,"Sensor3":14,"Sensor2":31},
        "2.61579394341":
            {"Sensor1":44,"Sensor3":19,"Sensor2":16},
        "3.5850880146":
            {"Sensor1":21,"Sensor3":34,"Sensor2":12},
        "4.59971904755":
            {"Sensor1":39,"Sensor3":12,"Sensor2":19},
        "5.50856685638":
            {"Sensor1":21,"Sensor3":28,"Sensor2":39},
        "6.47116994858":
            {"Sensor1":15,"Sensor3":23,"Sensor2":18},
        "7.42816090584":
            {"Sensor1":14,"Sensor3":44,"Sensor2":17},
        "8.39582085609":
            {"Sensor1":14,"Sensor3":43,"Sensor2":49},
        "9.39142584801":
            {"Sensor1":6,"Sensor3":31,"Sensor2":17},
        "10.3649058342":
            {"Sensor1":8,"Sensor3":42,"Sensor2":25},
        "11.3113598824":
            {"Sensor1":31,"Sensor3":23,"Sensor2":38},
        "12.3036398888":
            {"Sensor1":5,"Sensor3":11,"Sensor2":40},
        "13.2911670208":
            {"Sensor1":27,"Sensor3":19,"Sensor2":41},
        "14.275701046":
            {"Sensor1":6,"Sensor3":43,"Sensor2":7},
        "15.2579288483":
            {"Sensor1":43,"Sensor3":23,"Sensor2":30},
        "16.2044868469":
            {"Sensor1":5,"Sensor3":38,"Sensor2":8},
        "17.199187994":
            {"Sensor1":17,"Sensor3":20,"Sensor2":35},
        "18.1965148449":
            {"Sensor1":33,"Sensor3":42,"Sensor2":44},
        "19.20814991":
            {"Sensor1":8,"Sensor3":14,"Sensor2":15},
        "20.1626670361":
            {"Sensor1":16,"Sensor3":15,"Sensor2":11},
        "21.1528959274":
            {"Sensor1":9,"Sensor3":42,"Sensor2":31},
        "22.1517648697":
            {"Sensor1":42,"Sensor3":22,"Sensor2":6},
        "23.1262910366":
            {"Sensor1":16,"Sensor3":13,"Sensor2":39},
        "24.0752539635":
            {"Sensor1":35,"Sensor3":12,"Sensor2":12},
        "25.0664520264":
            {"Sensor1":13,"Sensor3":41,"Sensor2":45},
        "26.148802042":
            {"Sensor1":30,"Sensor3":10,"Sensor2":36},
        "27.0906620026":
            {"Sensor1":29,"Sensor3":29,"Sensor2":10},
        "28.0898590088":
            {"Sensor1":12,"Sensor3":21,"Sensor2":9},
        "29.0853288174":
            {"Sensor1":21,"Sensor3":8,"Sensor2":38},
        "30.1055529118":
            {"Sensor1":8,"Sensor3":24,"Sensor2":7},
        "31.086922884":
            {"Sensor1":47,"Sensor3":37,"Sensor2":39},
        "32.0485880375":
            {"Sensor1":14,"Sensor3":35,"Sensor2":11},
        "33.0448019505":
            {"Sensor1":26,"Sensor3":7,"Sensor2":23},
        "34.0513439178":
            {"Sensor1":37,"Sensor3":13,"Sensor2":24},
        "35.0554628372":
            {"Sensor1":38,"Sensor3":7,"Sensor2":21},
        "36.0145039558":
            {"Sensor1":7,"Sensor3":47,"Sensor2":10},
        "37.0181620121":
            {"Sensor1":38,"Sensor3":34,"Sensor2":23},
        "38.0289809704":
            {"Sensor1":45,"Sensor3":44,"Sensor2":17},
        "39.024739027":
            {"Sensor1":34,"Sensor3":44,"Sensor2":40},
        "39.9849278927":
            {"Sensor1":39,"Sensor3":25,"Sensor2":13},
        "40.9867620468":
            {"Sensor1":38,"Sensor3":19,"Sensor2":34},
        "41.9943590164":
            {"Sensor1":6,"Sensor3":11,"Sensor2":47},
        "42.9937338829":
            {"Sensor1":44,"Sensor3":36,"Sensor2":15},
        "43.9500589371":
            {"Sensor1":14,"Sensor3":43,"Sensor2":23},
        "44.946641922":
            {"Sensor1":33,"Sensor3":47,"Sensor2":26},
        "45.9582660198":
            {"Sensor1":42,"Sensor3":18,"Sensor2":10},
        "46.9083828926":
            {"Sensor1":9,"Sensor3":5,"Sensor2":41},
        "47.926115036":
            {"Sensor1":26,"Sensor3":7,"Sensor2":19},
        "48.9329168797":
            {"Sensor1":36,"Sensor3":14,"Sensor2":9},
        "49.9352350235":
            {"Sensor1":27,"Sensor3":5,"Sensor2":44},
        "50.8818669319":
            {"Sensor1":41,"Sensor3":46,"Sensor2":30},
        "51.8935289383":
            {"Sensor1":47,"Sensor3":13,"Sensor2":39},
        "52.890463829":
            {"Sensor1":26,"Sensor3":13,"Sensor2":30},
        "53.8990900517":
            {"Sensor1":48,"Sensor3":42,"Sensor2":8},
        "54.8550899029":
            {"Sensor1":32,"Sensor3":24,"Sensor2":17},
        "55.8715698719":
            {"Sensor1":35,"Sensor3":32,"Sensor2":45},
        "56.8242950439":
            {"Sensor1":32,"Sensor3":12,"Sensor2":33},
        "57.8429670334":
            {"Sensor1":13,"Sensor3":14,"Sensor2":16},
        "58.843996048":
            {"Sensor1":44,"Sensor3":32,"Sensor2":26},
        "59.8558218479":
            {"Sensor1":23,"Sensor3":30,"Sensor2":21},
        "60.8137888908":
            {"Sensor1":42,"Sensor3":11,"Sensor2":18},
        "61.8266429901":
            {"Sensor1":28,"Sensor3":45,"Sensor2":30},
        "62.8281860352":
            {"Sensor1":45,"Sensor3":36,"Sensor2":27},
        "63.8305938244":
            {"Sensor1":9,"Sensor3":26,"Sensor2":35},
        "64.8420679569":
            {"Sensor1":23,"Sensor3":20,"Sensor2":32},
        "65.8031129837":
            {"Sensor1":27,"Sensor3":31,"Sensor2":31},
        "66.8146958351":
            {"Sensor1":20,"Sensor3":17,"Sensor2":26},
        "67.7805838585":
            {"Sensor1":32,"Sensor3":11,"Sensor2":35},
        "68.7808358669":
            {"Sensor1":5,"Sensor3":5,"Sensor2":13},
        "69.8614778519":
            {"Sensor1":38,"Sensor3":30,"Sensor2":34},
        "70.8169119358":
            {"Sensor1":14,"Sensor3":36,"Sensor2":25},
        "71.8321988583":
            {"Sensor1":30,"Sensor3":5,"Sensor2":41},
        "72.8404729366":
            {"Sensor1":15,"Sensor3":18,"Sensor2":16},
        "73.8491368294":
            {"Sensor1":31,"Sensor3":5,"Sensor2":33},
        "74.8020098209":
            {"Sensor1":45,"Sensor3":10,"Sensor2":28},
        "75.820745945":
            {"Sensor1":26,"Sensor3":23,"Sensor2":10},
        "76.8237769604":
            {"Sensor1":42,"Sensor3":7,"Sensor2":23},
        "77.7965760231":
            {"Sensor1":5,"Sensor3":22,"Sensor2":27},
        "78.804464817":
            {"Sensor1":15,"Sensor3":44,"Sensor2":25},
        "79.8209910393":
            {"Sensor1":29,"Sensor3":17,"Sensor2":44},
        "80.8382978439":
            {"Sensor1":11,"Sensor3":37,"Sensor2":27},
        "81.80904603":
            {"Sensor1":9,"Sensor3":26,"Sensor2":40},
        "82.8087239265":
            {"Sensor1":44,"Sensor3":12,"Sensor2":35},
        "83.7771129608":
            {"Sensor1":40,"Sensor3":21,"Sensor2":7},
        "84.7869808674":
            {"Sensor1":19,"Sensor3":21,"Sensor2":21},
        "85.8000049591":
            {"Sensor1":27,"Sensor3":44,"Sensor2":12},
        "86.7859628201":
            {"Sensor1":6,"Sensor3":23,"Sensor2":35},
        "87.756896019":
            {"Sensor1":47,"Sensor3":28,"Sensor2":35},
        "88.7585978508":
            {"Sensor1":22,"Sensor3":5,"Sensor2":29},
        "89.7708280087":
            {"Sensor1":35,"Sensor3":16,"Sensor2":22},
        "90.7237598896":
            {"Sensor1":7,"Sensor3":6,"Sensor2":7},
        "91.8165769577":
            {"Sensor1":12,"Sensor3":18,"Sensor2":39},
        "92.8220608234":
            {"Sensor1":47,"Sensor3":26,"Sensor2":34},
        "93.8540039062":
            {"Sensor1":35,"Sensor3":7,"Sensor2":30},
        "94.8074419498":
            {"Sensor1":36,"Sensor3":13,"Sensor2":19},
        "95.8176789284":
            {"Sensor1":42,"Sensor3":28,"Sensor2":25},
        "96.8268239498":
            {"Sensor1":46,"Sensor3":31,"Sensor2":15},
        "97.8434410095":
            {"Sensor1":45,"Sensor3":9,"Sensor2":36},
        "98.7978420258":
            {"Sensor1":48,"Sensor3":26,"Sensor2":44},
        "99.8147759438":
            {"Sensor1":35,"Sensor3":35,"Sensor2":20},
        "100.817625046":
            {"Sensor1":6,"Sensor3":45,